gos6,outcome,gender,age,wfns,s100b,ndka
5,Good,Female,42,1,0.13,3.01
5,Good,Female,37,1,0.14,8.54
5,Good,Female,42,1,0.1,8.09
5,Good,Female,27,1,0.04,10.42
1,Poor,Female,42,3,0.13,17.4
1,Poor,Male,48,2,0.1,12.75
4,Good,Male,57,5,0.47,6
1,Poor,Male,41,4,0.16,13.2
5,Good,Female,49,1,0.18,15.54
4,Good,Female,75,2,0.1,6.01
1,Poor,Male,37,5,0.12,15.96
5,Good,Female,49,2,0.1,17.86
3,Poor,Male,49,5,0.44,5.18
1,Poor,Male,71,5,0.71,8.9
5,Good,Female,64,1,0.04,13.41
5,Good,Female,49,2,0.08,20.75
1,Poor,Male,63,5,0.49,11.6
5,Good,Female,33,2,0.04,16.11
3,Poor,Female,51,2,0.07,32.37
1,Poor,Male,54,5,0.33,54.82
3,Poor,Female,78,2,0.09,32.41
5,Good,Female,47,1,0.09,49.94
3,Poor,Female,56,1,0.07,40.34
5,Good,Male,76,1,0.11,9.47
5,Good,Female,58,1,0.07,6.29
5,Good,Female,50,2,0.17,12.53
5,Good,Male,36,1,0.07,6.54
5,Good,Female,43,2,0.11,6.3
5,Good,Female,61,1,0.13,80.3
5,Good,Male,31,1,0.19,12.8
5,Good,Female,58,3,0.05,9.8
5,Good,Female,61,4,0.16,9.81
1,Poor,Female,76,2,0.41,9.85
5,Good,Female,54,1,0.14,18.21
5,Good,Female,55,4,0.34,5.03
1,Poor,Male,57,5,0.35,14.04
3,Poor,Female,64,4,0.48,21.93
5,Good,Female,67,1,0.09,8.02
3,Poor,Male,71,4,0.96,7.42
3,Poor,Female,74,2,0.25,8.38
5,Good,Female,72,5,0.5,6.59
5,Good,Female,62,5,0.46,9.63
5,Good,Female,65,1,0.16,13.12
5,Good,Male,50,1,0.07,7.96
5,Good,Female,51,2,0.43,14.34
5,Good,Male,50,4,0.45,41.43
5,Good,Male,35,1,0.11,7.63
5,Good,Male,44,1,0.08,7.06
5,Good,Male,45,2,0.09,12.59
3,Poor,Female,48,5,0.86,13.56
3,Poor,Female,61,5,0.52,3.87
5,Good,Male,36,2,0.08,9.44
5,Good,Female,53,1,0.06,7.66
4,Good,Female,66,2,0.13,12.98
1,Poor,Female,73,5,2.07,419.19
5,Good,Female,58,1,0.1,27.19
5,Good,Male,31,2,0.14,22.27
5,Good,Female,28,2,0.15,9.95
1,Poor,Male,32,2,0.07,21.22
5,Good,Female,36,1,0.06,11.73
1,Poor,Female,47,5,0.77,10.4
5,Good,Male,29,1,0.05,58.83
4,Good,Female,46,1,0.09,6.39
1,Poor,Female,73,2,0.3,11.09
1,Poor,Female,45,5,0.03,12.22
1,Poor,Male,40,2,0.09,13.67
5,Good,Male,50,1,0.04,17.21
3,Poor,Male,57,4,0.23,22.63
1,Poor,Male,37,5,0.7,12.9
5,Good,Female,60,2,0.09,9.7
1,Poor,Female,53,4,0.27,21.57
3,Poor,Female,57,4,0.71,8.23
1,Poor,Male,56,1,0.08,72.57
1,Poor,Female,31,4,0.26,15.54
5,Good,Male,59,1,0.08,10.51
5,Good,Female,66,2,0.16,10.6
5,Good,Male,50,1,0.09,14.57
1,Poor,Male,54,4,0.13,5.19
3,Poor,Male,55,2,0.1,9.63
5,Good,Female,51,1,0.08,4.61
1,Poor,Female,44,2,0.11,21.48
5,Good,Female,45,3,0.33,17.3
5,Good,Female,47,2,0.11,12.71
5,Good,Female,57,4,0.28,9.44
5,Good,Male,29,2,0.07,11.07
5,Good,Female,52,1,0.1,19.46
5,Good,Male,18,4,0.32,10.83
1,Poor,Male,68,5,0.22,5.37
5,Good,Female,47,1,0.07,11.97
5,Good,Male,45,1,0.05,7.75
5,Good,Female,34,5,0.24,9.83
5,Good,Female,60,4,0.38,10.55
5,Good,Female,33,2,0.1,28.49
5,Good,Female,38,2,0.15,8.53
5,Good,Female,48,1,0.08,12.57
5,Good,Female,67,1,0.14,12.9
5,Good,Male,64,1,0.1,46.83
5,Good,Female,70,3,0.07,11.68
4,Good,Male,24,1,0.04,12.67
5,Good,Female,74,2,0.19,9.01
1,Poor,Male,42,5,0.56,9.57
1,Poor,Female,63,2,0.14,34.06
1,Poor,Female,81,2,0.58,11.72
3,Poor,Female,62,5,0.32,14.26
1,Poor,Male,33,5,0.82,47.61
1,Poor,Female,51,5,0.74,11.67
5,Good,Female,29,2,0.15,24.58
5,Good,Female,68,4,0.47,10.33
4,Good,Male,53,4,0.17,13.87
1,Poor,Male,58,5,0.44,15.89
5,Good,Female,32,1,0.15,22.43
5,Good,Female,39,1,0.5,6.79
5,Good,Male,34,1,0.48,13.45
