AHFactivity,AHFantigen,group
-0.0056,-0.1657,normal
-0.1698,-0.1585,normal
-0.3469,-0.1879,normal
-0.0894,0.0064,normal
-0.1679,0.0713,normal
-0.0836,0.0106,normal
-0.1979,-5e-04,normal
-0.0762,0.0392,normal
-0.1913,-0.2123,normal
-0.1092,-0.119,normal
-0.5268,-0.4773,normal
-0.0842,0.0248,normal
-0.0225,-0.058,normal
0.0084,0.0782,normal
-0.1827,-0.1138,normal
0.1237,0.214,normal
-0.4702,-0.3099,normal
-0.1519,-0.0686,normal
6e-04,-0.1153,normal
-0.2015,-0.0498,normal
-0.1932,-0.2293,normal
0.1507,0.0933,normal
-0.1259,-0.0669,normal
-0.1551,-0.1232,normal
-0.1952,-0.1007,normal
0.0291,0.0442,normal
-0.228,-0.171,normal
-0.0997,-0.0733,normal
-0.1972,-0.0607,normal
-0.0867,-0.056,normal
-0.3478,0.1151,carrier
-0.3618,-0.2008,carrier
-0.4986,-0.086,carrier
-0.5015,-0.2984,carrier
-0.1326,0.0097,carrier
-0.6911,-0.339,carrier
-0.3608,0.1237,carrier
-0.4535,-0.1682,carrier
-0.3479,-0.1721,carrier
-0.3539,0.0722,carrier
-0.4719,-0.1079,carrier
-0.361,-0.0399,carrier
-0.3226,0.167,carrier
-0.4319,-0.0687,carrier
-0.2734,-0.002,carrier
-0.5573,0.0548,carrier
-0.3755,-0.1865,carrier
-0.495,-0.0153,carrier
-0.5107,-0.2483,carrier
-0.1652,0.2132,carrier
-0.2447,-0.0407,carrier
-0.4232,-0.0998,carrier
-0.2375,0.2876,carrier
-0.2205,0.0046,carrier
-0.2154,-0.0219,carrier
-0.3447,0.0097,carrier
-0.254,-0.0573,carrier
-0.3778,-0.2682,carrier
-0.4046,-0.1162,carrier
-0.0639,0.1569,carrier
-0.3351,-0.1368,carrier
-0.0149,0.1539,carrier
-0.0312,0.14,carrier
-0.174,-0.0776,carrier
-0.1416,0.1642,carrier
-0.1508,0.1137,carrier
-0.0964,0.0531,carrier
-0.2642,0.0867,carrier
-0.0234,0.0804,carrier
-0.3352,0.0875,carrier
-0.1878,0.251,carrier
-0.1744,0.1892,carrier
-0.4055,-0.2418,carrier
-0.2444,0.1614,carrier
-0.4784,0.0282,carrier
